class_id,class_name,AP
0,Ants,0.2607650624983591
1,Bees,0.37272695075172985
2,Beetles,0.291916116841834
3,Caterpillars,0.2135498051169346
4,Earthworms,0.2630651726988416
5,Earwigs,0.3831948864446223
6,Grasshoppers,0.3838632585820862
7,Moths,0.74865330307807
8,Slugs,0.3905688614578775
9,Snails,0.6418978594472641
10,Wasps,0.553873016685189
11,Weevils,0.6491856040946068
