model,mAP50-95,mAP50,Precision,Recall
yolov8s,0.4294383248081179,0.742945016626721,0.8330632722554377,0.6985116512863033
