model,mAP50-95,mAP50,Precision,Recall
yolov8s,0.43147015889777846,0.7648217909280165,0.8422838547384331,0.7169899164988175
