class_id,class_name,AP
0,Ants,0.2706096675565689
1,Bees,0.37729587714015966
2,Beetles,0.3003837381899381
3,Caterpillars,0.24692208441197544
4,Earthworms,0.1873908217633923
5,Earwigs,0.39091491844393583
6,Grasshoppers,0.4162047988325984
7,Moths,0.7238306693887325
8,Slugs,0.4010937227722041
9,Snails,0.6509877026896056
10,Wasps,0.5779576816251667
11,Weevils,0.6340502239590636
